Student_ID,Quiz1,Quiz2,Quiz3,Time_Spent,Assignments,Attendance,Final_Result
S1000,51,56.0,62,6.6209204220580355,1,75.77684215782307,Pass
S1001,92,16.0,85,12.200993561788232,7,15.356905309873671,Fail
S1002,14,85.0,1,3.8564988848045836,7,46.29068305334512,Fail
S1003,71,89.0,87,8.771189290232007,9,35.47315812222687,Fail
S1004,60,43.0,71,11.262998144415448,3,9.471429151958665,Fail
S1005,20,24.0,10,9.623796303642507,2,49.09917900670733,Pass
S1006,82,16.0,63,3.632346284615826,1,92.99470468460618,Pass
S1007,86,12.0,76,5.975383961600352,8,4.045971024120142,Fail
S1008,74,83.0,80,11.97308498279556,0,29.437552262873183,Fail
S1009,74,24.0,71,8.759171197848232,6,20.96163455677605,Fail
S1010,87,67.0,20,1.0732145896007783,4,24.05281202023533,Fail
S1011,99,9.0,17,11.653870640393315,7,91.7518897398169,Fail
S1012,23,66.0,93,1.494358969163347,3,47.2749744776633,Fail
S1013,2,17.0,63,99.0,6,47.0962407069217,Fail
S1014,21,99.0,81,3.834727842313324,4,76.81813988798352,Pass
S1015,52,85.0,94,14.413028721671322,4,15.603712604497506,Fail
S1016,1,33.0,37,6.151170518229183,8,49.21380076410513,Fail
S1017,87,7.0,31,5.577042628733107,8,43.42850662622703,Fail
S1018,29,39.0,10,3.0844327046542253,8,60.28797974521227,Fail
S1019,37,82.0,44,5.278459016863009,5,100.9553280282943,Pass
S1020,1,41.0,88,13.273110665594809,5,77.71433830228676,Fail
S1021,63,40.0,32,14.948680726781463,4,40.184436004760144,Fail
S1022,59,100.0,40,6.156333427095877,8,83.58285827967875,Pass
S1023,20,5.0,7,7.280548833363596,9,17.2415446945605,Fail
S1024,32,51.0,10,11.108993134838318,7,3.0768323172049725,Fail
S1025,75,25.0,85,13.406740926511043,6,20.64928561889158,Fail
S1026,57,63.0,50,9.302620678614979,6,34.381567167540226,Fail
S1027,21,97.0,87,6.4813597744896105,5,51.568656503415546,Fail
S1028,88,58.0,40,6.776705771880732,4,62.12804319466118,Fail
S1029,48,55.0,16,10.738654050955295,3,91.9711774386566,Fail
S1030,90,58.0,75,1.0450556904599015,2,51.49525496459623,Fail
S1031,58,69.0,45,,2,50.62884010719867,Fail
S1032,41,100.0,31,5.976902146179004,5,5.074543992121195,Fail
S1033,91,32.0,78,12.118762637879179,3,3.526066818278605,Fail
S1034,59,52.0,79,2.3018689575238502,5,55.66715615355358,Fail
S1035,79,21.0,53,9.234831737277467,2,44.25603993808279,Fail
S1036,14,20.0,85,7.733620458405732,3,84.75721989301016,Fail
S1037,61,69.0,91,9.992557362673184,8,16.22863805589636,Fail
S1038,61,69.0,19,1.9079503227615568,4,,Fail
S1039,46,3.0,32,9.119773023993838,6,45.35291556094271,Fail
S1040,61,93.0,73,8.860784231433332,9,23.985334231978005,Fail
S1041,50,74.0,39,8.849241321826394,1,5.011051707222582,Fail
S1042,54,61.0,31,9.448827332350367,4,73.18442697161052,Fail
S1043,63,61.0,96,10.470551121169072,8,11.270892995681995,Fail
S1044,2,93.0,1,12.269845995530776,10,61.44026950078494,Fail
S1045,100,94.0,96,4.777490081795001,2,28.386024766855805,Fail
S1046,50,23.0,32,12.550691742520868,8,17.523101085857224,Pass
S1047,6,54.0,76,7.975579551688351,10,38.35490381485106,Fail
S1048,20,8.0,29,2.078815907880636,5,80.94602339851832,Fail
S1049,72,2.0,32,1.8197130094157088,3,39.601451267361846,Fail
S1050,38,30.0,76,5.679336461744851,6,75.82773457031662,Fail
S1051,17,39.0,25,11.988557679560547,7,12.67411597671422,Fail
S1052,3,100.0,21,10.90753308637282,5,78.04991338617299,Fail
S1053,88,35.0,65,12.04060950541369,4,23.930265815571513,Fail
S1054,59,23.0,37,8.241766790182531,5,68.41670611877615,Fail
S1055,13,94.0,89,7.162785971376868,4,57.14393703894063,Fail
S1056,8,5.0,45,3.0643353738879755,7,93.84361643838042,Fail
S1057,89,65.0,14,5.594698550530362,0,39.11957431550672,Fail
S1058,52,83.0,97,7.0762711264342535,10,6.6826840722784855,Fail
S1059,1,91.0,43,2.2404060155146412,6,1.9347040406765434,Pass
S1060,83,,48,4.088567337956958,9,83.51271465824807,Pass
S1061,91,3.0,74,9.375154116892343,9,52.99829940380465,Fail
S1062,59,78.0,60,11.299283599348659,10,78.29964923532988,Pass
S1063,70,5.0,66,14.976865159501294,1,23.676985601162983,Fail
S1064,43,93.0,5,99.0,8,34.85345829683661,Fail
S1065,7,50.0,8,9.995912793492682,0,3.0404910933432125,Fail
S1066,46,61.0,5,6.897472746117008,10,97.11072478198533,Fail
S1067,34,56.0,72,9.906483105915258,9,67.45465857678215,Pass
S1068,77,65.0,94,11.999122653123248,5,94.25371386368992,Pass
S1069,80,78.0,31,2.6567066729274225,8,26.815137150336305,Fail
S1070,35,74.0,40,6.738668455748035,0,61.75782473379174,Fail
S1071,49,7.0,75,12.757231998898641,3,68.52849679755641,Fail
S1072,3,25.0,7,6.373661327062616,3,32.07251972601643,Fail
S1073,1,50.0,71,9.006211797180612,8,85.65903273657864,Fail
S1074,5,44.0,49,9.228771052070774,10,95.66330775292504,Fail
S1075,53,43.0,91,3.5826675438709508,4,89.37036688729644,Pass
S1076,3,4.0,61,6.071296183132038,4,74.64576456987663,Fail
S1077,53,69.0,83,5.68315804238705,5,28.023932652220356,Fail
S1078,92,25.0,61,1.3667539194489071,0,28.443220252668805,Fail
S1079,62,67.0,6,1.3386846944789734,0,97.29939236504983,Fail
S1080,17,18.0,74,12.643758611460829,8,1.0387340895048949,Fail
S1081,89,83.0,83,4.8229913396193735,2,72.32104729745659,Pass
S1082,43,96.0,79,8.253102727343416,3,71.33086241808148,Pass
S1083,33,19.0,3,5.182158030242823,0,62.89164363592954,Fail
S1084,73,11.0,5,14.169509431614767,8,100.00099345477345,Fail
S1085,61,46.0,57,4.6301546241208325,7,31.499823012136247,Fail
S1086,99,0.0,21,7.015195378345091,1,34.33715824311807,Fail
S1087,13,89.0,25,13.218223506784426,7,7.97287969760211,Fail
S1088,94,13.0,2,12.78706993508532,6,44.72261179091748,Fail
S1089,47,63.0,40,3.605419849847882,10,26.365901149719658,Fail
S1090,14,37.0,59,12.237006337139945,5,34.68205691994206,Fail
S1091,71,36.0,13,7.414616414330498,0,84.29175081581839,Fail
S1092,77,10.0,74,7.761564209194973,6,94.48393586627706,Pass
S1093,86,99.0,81,2.868719613823213,9,18.759040272523748,Fail
S1094,61,,11,2.1284211925997454,6,37.62340208690005,Fail
S1095,39,2.0,86,11.191150297632714,8,93.7916867736548,Fail
S1096,84,32.0,11,7.950456132974196,0,6.242654529611486,Fail
S1097,79,5.0,12,7.115909836612514,1,,Fail
S1098,81,49.0,24,11.213115201133554,10,16.441889909829165,Fail
S1099,52,9.0,44,11.717180585875536,8,60.11649624681435,Fail
S1100,23,4.0,18,3.22471434737095,8,15.197699371605745,Fail
S1101,25,22.0,54,9.543152092686977,5,97.77571452652408,Pass
S1102,88,9.0,99,2.8949571518875974,5,45.118167253110556,Fail
S1103,59,43.0,44,11.51925120440664,3,50.6533139953668,Fail
S1104,40,1.0,7,10.197372187739953,3,24.912520196346055,Fail
S1105,28,12.0,92,,4,47.566985495908085,Fail
S1106,14,39.0,52,1.9654122289898965,2,66.85327689633816,Fail
S1107,44,1.0,54,1.7987660961175604,0,,Fail
S1108,64,83.0,31,4.950619045704802,0,76.14067635370121,Pass
S1109,88,64.0,50,4.663879572302683,6,58.36700238210292,Fail
S1110,70,62.0,43,,0,91.34033727437958,Fail
S1111,8,100.0,81,13.687564127294515,0,82.55819257791704,Pass
S1112,87,72.0,69,4.493646797893085,2,76.46185958456117,Pass
S1113,0,16.0,17,4.8072961658008335,9,5.616157689726523,Fail
S1114,7,8.0,82,11.631575673851492,3,0.6946741841845807,Fail
S1115,87,74.0,21,7.29635779430756,3,21.45717499674277,Fail
S1116,62,14.0,36,11.873947797372537,1,,Fail
S1117,10,23.0,95,1.9151262059013934,0,41.53094637713713,Fail
S1118,80,37.0,55,7.82599671142738,2,40.64303218923048,Fail
S1119,7,34.0,58,1.4705904025659569,10,89.34327571119098,Fail
S1120,34,,2,1.8771448483749633,3,,Fail
S1121,34,94.0,27,13.690124346821753,2,91.82670166941216,Pass
S1122,32,48.0,73,2.9494351956463323,7,31.701685728017758,Fail
S1123,4,68.0,34,8.45388955185304,9,69.79663708666544,Fail
S1124,40,61.0,60,6.755338436409891,0,27.434951308711334,Fail
S1125,27,59.0,92,5.862806567623798,1,19.25159314051943,Fail
S1126,6,49.0,53,13.597666839621814,6,18.647878192084292,Fail
S1127,72,77.0,62,1.305527554856853,3,34.552869707222996,Fail
S1128,71,74.0,78,10.293055606458248,7,43.425719597762,Fail
S1129,11,8.0,96,14.487522078989706,10,83.9258662765619,Fail
S1130,33,33.0,6,8.842354568465787,2,12.109000440743921,Fail
S1131,32,75.0,75,14.115514468463285,5,74.2275105868843,Pass
S1132,47,98.0,48,1.7316103100043327,8,53.676946333119844,Fail
S1133,22,34.0,93,6.86310646703826,0,29.08247961027524,Fail
S1134,61,0.0,84,4.642209073468717,0,49.77477803781528,Fail
S1135,87,,30,11.231493509730218,7,30.294149047479287,Pass
S1136,36,63.0,57,14.738159266961453,2,60.20427747906891,Fail
S1137,98,21.0,60,4.5914208742194695,4,43.818236208379666,Pass
S1138,43,59.0,23,10.158444420637043,0,16.60495843696675,Fail
S1139,85,63.0,19,3.773366858636362,4,11.774890530125369,Fail
S1140,90,92.0,36,8.91462356400254,10,55.216263889285145,Fail
S1141,34,71.0,3,7.495054813636707,5,91.14371636189645,Pass
S1142,64,10.0,91,14.608074614841518,7,34.73972634232624,Fail
S1143,98,100.0,19,9.519381817750531,2,74.03301082948495,Pass
S1144,100,13.0,59,5.8930892092154625,2,66.52479684891647,Pass
S1145,46,59.0,23,2.597340988431067,10,94.08704634525758,Fail
S1146,77,29.0,49,3.117455602289084,10,82.91908274721322,Pass
S1147,2,34.0,48,4.1544370193172915,9,57.227131149451765,Fail
S1148,0,84.0,50,4.513533258764172,8,66.36008032164484,Fail
S1149,4,36.0,95,12.90862480977593,3,90.73703312498752,Fail
S1150,89,4.0,35,8.85711903595535,3,40.35139724328042,Fail
S1151,13,82.0,97,8.32747275924113,6,33.006265291635515,Fail
S1152,26,77.0,99,2.6067642061690446,1,1.0919194471548304,Fail
S1153,8,25.0,65,13.04195570689209,7,83.48165849333789,Fail
S1154,78,61.0,78,11.119400244918772,5,80.89905074073985,Pass
S1155,14,3.0,33,1.9473570666000222,2,10.54990632811529,Fail
S1156,89,88.0,35,10.909691361216762,8,58.262595494402724,Fail
S1157,41,41.0,5,8.609535042797045,4,46.862151514855626,Fail
S1158,76,88.0,38,2.1441548404548953,7,11.989618646420258,Fail
S1159,50,17.0,41,7.416208981401191,6,99.03739093313308,Fail
S1160,62,39.0,57,7.785748019820658,7,21.6842846337989,Fail
S1161,95,71.0,11,3.3208435622858605,6,6.790652189146676,Fail
S1162,51,38.0,2,14.239774058003952,2,60.07958532969287,Fail
S1163,95,13.0,17,12.899655200729267,1,74.6255343904363,Fail
S1164,3,31.0,39,10.366312722607516,6,3.2767880507658833,Fail
S1165,93,50.0,20,7.472137854008501,2,66.53048151142924,Pass
S1166,100,37.0,14,6.764717582183119,2,53.7614794710969,Fail
S1167,22,96.0,96,10.113628540113359,1,10.42976589637989,Fail
S1168,14,22.0,98,8.636046171696677,3,17.42491157158257,Fail
S1169,42,62.0,25,1.8718234823463986,7,57.36540402892413,Fail
S1170,28,14.0,7,8.175037082784645,0,29.932118964842125,Fail
S1171,35,96.0,99,12.289650641259753,0,94.76988859378292,Pass
S1172,12,24.0,93,7.429358286357413,4,82.69276317788913,Pass
S1173,31,16.0,86,,10,99.34028785787997,Fail
S1174,70,,41,12.007894791376463,4,26.22675473399181,Fail
S1175,58,65.0,43,3.8190929499036415,10,97.94208691259568,Pass
S1176,85,77.0,13,4.620691688432543,0,43.554620848947344,Fail
S1177,27,52.0,77,3.3058889480521425,5,35.09939832668922,Fail
S1178,65,50.0,1,5.623010908200966,0,5.0853022239046775,Fail
S1179,41,38.0,36,11.59452107964089,4,5.329291043819865,Fail
S1180,44,50.0,68,8.271402033055123,8,69.89313685061212,Pass
S1181,61,69.0,37,3.8683378381099756,4,46.250828437836816,Fail
S1182,56,5.0,40,13.289621094128572,5,22.878684229646677,Fail
S1183,5,66.0,61,13.314145969321409,7,62.0110009388485,Fail
S1184,27,6.0,59,13.188097950644096,10,25.53866994326123,Fail
S1185,27,50.0,13,4.34314695934155,0,58.340807188786684,Fail
S1186,43,71.0,88,7.317350818533834,1,36.28008344525173,Fail
S1187,83,41.0,83,14.78985518597225,8,83.17877488779372,Pass
S1188,29,63.0,1,11.808174668339865,2,82.8903122374447,Fail
S1189,61,14.0,69,1.3803438971578375,5,48.212390210362535,Fail
S1190,74,28.0,16,1.9128642776468887,4,35.432730042836575,Fail
S1191,91,32.0,88,7.495039275372658,10,36.618539452468546,Fail
S1192,88,93.0,27,13.729082882061842,1,81.37716709249001,Pass
S1193,61,26.0,65,8.541825171338,6,33.14612776255881,Fail
S1194,96,35.0,34,7.969375112480063,3,21.114996744391448,Pass
S1195,0,28.0,100,2.476631799392828,0,8.55352252940599,Fail
S1196,26,37.0,4,10.194921466140116,3,47.13600520932525,Fail
S1197,61,56.0,64,12.509444248403156,5,48.695341990904026,Fail
S1198,76,96.0,39,6.325880105105872,6,84.93177975069362,Pass
S1199,2,100.0,75,11.858565912954585,6,22.345108341052462,Fail
S1200,69,26.0,55,14.502673154611362,6,38.480118640508394,Fail
S1201,71,54.0,35,3.8527304277876473,2,81.64897962826278,Pass
S1202,26,32.0,44,8.326614836726378,5,83.18598468564632,Fail
S1203,8,67.0,22,5.019931413184057,7,38.845718673855586,Fail
S1204,61,,46,12.099961866473752,3,46.37152635195477,Fail
S1205,36,,30,9.086307122336205,7,30.631874975777574,Fail
S1206,96,9.0,10,9.884153845704253,1,94.18804272035052,Fail
S1207,50,4.0,9,12.170798234622517,9,11.98302033989961,Fail
S1208,43,73.0,66,6.543586617274368,8,94.30869172314847,Pass
S1209,23,96.0,13,13.811260957698606,8,69.07051163536967,Fail
S1210,78,37.0,79,8.462404141445958,7,53.68878742135985,Fail
S1211,58,12.0,73,3.211367519694872,9,3.2985651392340833,Fail
S1212,31,30.0,92,10.742587654363234,9,48.03521537402284,Fail
S1213,95,46.0,9,12.105658906135561,0,41.18255860527596,Fail
S1214,87,99.0,75,5.434663478945374,1,16.283100009487377,Fail
S1215,51,87.0,93,13.000509597982541,5,66.29736995356635,Pass
S1216,61,51.0,0,13.68600556672073,9,98.08624164419686,Fail
S1217,57,55.0,4,4.876662823289325,4,56.78106991751704,Fail
S1218,51,14.0,19,14.769300618013109,8,72.19008092083853,Fail
S1219,11,28.0,7,2.9699613926826176,4,6.913495709167695,Fail
S1220,38,7.0,42,3.8282193576348593,1,42.18436657751647,Fail
S1221,1,4.0,75,3.579147749332366,9,11.752207001614083,Fail
S1222,2,28.0,0,13.515855940110185,3,61.89237938918755,Fail
S1223,100,46.0,56,10.160095732549467,8,94.78669797962961,Pass
S1224,55,67.0,63,3.1294599651118205,0,66.83955097963549,Pass
S1225,80,,83,7.164527857156886,10,7.757107879756575,Fail
S1226,58,44.0,27,9.614172350977228,0,35.821286703493364,Fail
S1227,1,1.0,36,2.168497189851366,6,55.617001323526004,Fail
S1228,1,26.0,46,13.353829157702743,10,40.72398336945847,Fail
S1229,91,94.0,100,12.250449496181492,2,84.1980450579924,Pass
S1230,53,35.0,75,8.072894830072936,9,82.28177147570891,Fail
S1231,86,35.0,36,14.539772613628386,1,61.79493303042536,Pass
S1232,100,25.0,48,6.848653709851396,8,37.71925245840323,Fail
S1233,95,42.0,43,14.77754446651097,2,25.788973750087656,Fail
S1234,96,26.0,55,10.35087998325078,1,10.693306139526062,Fail
S1235,0,68.0,27,9.88539782555518,7,35.84466603214196,Fail
S1236,18,19.0,78,3.32336853414099,9,41.73042423797967,Fail
S1237,1,10.0,5,13.346988616265016,5,68.25811543551143,Fail
S1238,52,73.0,60,6.984855630888612,5,66.47414225405493,Pass
S1239,43,37.0,19,3.271267680954711,9,7.080922103766952,Fail
S1240,89,5.0,77,1.1765052796606266,10,39.921190858546936,Fail
S1241,31,71.0,1,8.836579570937356,6,18.359665588953554,Fail
S1242,69,22.0,72,8.383594709717467,6,15.838083236997374,Fail
S1243,31,46.0,36,11.07095071316822,10,83.55751712346184,Fail
S1244,67,89.0,19,13.46361274224923,5,4.233436888342011,Fail
S1245,54,45.0,25,2.111692185002413,3,42.337470466114254,Fail
S1246,74,11.0,28,11.240950864765074,10,16.98856923241834,Fail
S1247,55,89.0,0,3.623767217366151,8,88.81235178352587,Fail
S1248,16,12.0,34,13.014478744200296,5,56.26109184077855,Pass
S1249,37,61.0,69,12.466889194063185,3,23.36944427406165,Fail
S1250,23,81.0,100,8.571112569797622,2,50.74515600380402,Fail
S1251,68,88.0,58,10.943399180726361,3,73.8801223300147,Pass
S1252,97,96.0,68,5.400901584572478,2,96.7699189008628,Pass
S1253,69,59.0,32,7.596350585059405,1,22.26504642878731,Fail
S1254,85,42.0,50,12.502916567946603,4,89.50435898506386,Pass
S1255,10,75.0,77,7.429712760424994,1,94.36471553091651,Pass
S1256,15,99.0,11,6.009175714556185,5,92.55847499773868,Fail
S1257,96,67.0,19,7.918974261504198,2,64.1768500430529,Pass
S1258,72,4.0,52,12.595489534121057,5,,Fail
S1259,58,36.0,87,5.692912663192218,10,40.7242739515661,Fail
S1260,69,71.0,42,3.432662303900413,9,75.99218611268257,Pass
S1261,79,91.0,97,10.968196284630931,8,53.660695853444125,Fail
S1262,92,30.0,88,12.563694977913146,0,,Pass
S1263,2,8.0,49,2.4089246993294666,5,43.27424828872834,Fail
S1264,19,50.0,28,4.358237578583227,8,73.88114286835705,Fail
S1265,58,28.0,56,2.9876078566539146,10,83.27162327805945,Fail
S1266,35,77.0,38,5.871179762150333,3,14.790061916884428,Fail
S1267,18,39.0,94,,10,84.12590127299703,Pass
S1268,89,40.0,55,11.48356871748629,1,54.56994971082103,Fail
S1269,66,85.0,42,10.116066188343439,3,85.31125681811265,Pass
S1270,18,10.0,49,9.692999944698036,0,43.56147234044248,Fail
S1271,19,22.0,22,5.933249252535162,2,38.283089023686536,Fail
S1272,95,0.0,43,12.78026574318664,9,92.42113398423946,Fail
S1273,70,45.0,37,7.598020343574304,8,25.36809602238853,Fail
S1274,51,100.0,83,14.707469132212163,9,85.26544485390045,Pass
S1275,32,20.0,22,9.877989936140317,4,48.88607782344982,Fail
S1276,39,89.0,44,2.7677063819030385,10,51.92363969767723,Pass
S1277,38,35.0,51,10.466485869056076,5,31.155296430437886,Fail
S1278,81,53.0,79,5.5514562160437855,2,57.87726226252058,Fail
S1279,0,86.0,49,10.608580753605365,4,32.84633082389734,Fail
S1280,10,56.0,7,1.9749760742736804,10,3.9662108384068837,Fail
S1281,91,0.0,84,3.448340120463431,7,27.471859139779962,Fail
S1282,56,62.0,0,12.98032162468101,5,0.6442833840656585,Fail
S1283,88,53.0,7,4.180513798329208,3,98.81383349274252,Fail
S1284,49,54.0,28,12.718575753401161,1,97.5404681917945,Pass
S1285,22,39.0,95,4.909865238361746,8,39.91068504470281,Fail
S1286,30,14.0,4,10.000346740821907,0,73.56545628830425,Fail
S1287,93,20.0,85,10.718108029137634,0,34.92641593945292,Fail
S1288,41,46.0,46,8.17716654403074,3,67.78040886568358,Fail
S1289,98,72.0,33,5.2743494737542385,6,81.34843434764389,Pass
S1290,6,52.0,64,3.9770212691953457,0,95.62238071391631,Fail
S1291,15,8.0,54,1.464650963873967,8,40.421439860816875,Fail
S1292,89,73.0,89,5.255249617370133,3,79.11309627856082,Pass
S1293,59,51.0,42,10.144279067437962,2,26.858773513843996,Fail
S1294,1,56.0,73,14.136267458278757,0,100.02356268315849,Fail
S1295,0,25.0,29,13.196862751682728,9,2.6027294751994656,Fail
S1296,47,40.0,81,11.724906871494236,3,60.956409456613216,Pass
S1297,11,34.0,16,12.038262805546182,8,66.61010414678404,Fail
S1298,68,62.0,25,10.309788648663934,9,69.492601264487,Pass
S1299,36,24.0,7,4.644016005924042,5,12.15914545769799,Fail
S1300,31,89.0,46,13.700730429881618,5,94.79150813078617,Pass
S1301,8,74.0,75,10.390252366681677,0,18.299511184058364,Fail
S1302,98,37.0,90,8.846168833726159,9,62.89809372722395,Pass
S1303,18,1.0,71,2.5538525689887352,1,22.490283991431582,Fail
S1304,47,6.0,88,7.258777613289956,10,,Fail
S1305,79,81.0,45,7.445015796826969,5,55.19231271454056,Fail
S1306,2,90.0,67,13.10389053331738,1,42.136535275022226,Fail
S1307,19,33.0,32,8.653075082629039,2,16.182785698627136,Fail
S1308,23,90.0,0,6.3256076855857355,3,17.264576644505677,Fail
S1309,53,16.0,18,14.67520459914923,10,42.232623604442765,Fail
S1310,32,42.0,30,2.5500883065684192,4,76.48558080582558,Fail
S1311,23,58.0,79,6.915677996367225,8,90.69442933162664,Pass
S1312,74,50.0,13,1.588345452399674,3,8.496893888197667,Fail
S1313,71,53.0,52,11.358657690737026,10,39.703494663499505,Fail
S1314,35,23.0,47,13.853071730788109,8,10.12480193601054,Fail
S1315,37,24.0,68,4.9205226137068525,10,1.6758405438923862,Fail
S1316,83,70.0,89,13.016783475187692,9,66.83358694703962,Pass
S1317,98,51.0,61,5.091055226466569,2,60.84739363862536,Pass
S1318,88,69.0,91,13.750782263014813,7,16.464930495303506,Fail
S1319,98,87.0,65,11.555466650354976,0,23.615096142399477,Fail
S1320,24,32.0,63,12.268694875780142,10,2.3944831180963564,Fail
S1321,92,48.0,69,1.252091778406363,8,84.32966777513478,Pass
S1322,17,28.0,62,14.479344999036364,8,98.4437502009037,Pass
S1323,81,62.0,72,11.173393888984526,9,13.68141321626377,Fail
S1324,65,21.0,32,5.266515335405867,1,23.37899659029511,Fail
S1325,53,25.0,40,12.611525308023857,3,87.70936191864034,Pass
S1326,34,27.0,88,4.941296777809019,7,93.57284359357467,Fail
S1327,79,84.0,47,13.218553753925791,6,42.382365663487846,Fail
S1328,60,48.0,12,2.5761254657671184,0,5.112869699176486,Fail
S1329,40,70.0,72,10.85160368445114,4,3.9785752029747594,Fail
S1330,99,80.0,76,8.569778673028745,6,57.96893647297006,Fail
S1331,32,83.0,30,2.351482582736171,3,39.68240599821108,Fail
S1332,67,48.0,74,4.386513595623746,0,2.893895185343106,Fail
S1333,32,19.0,67,1.173656507882407,8,58.90849162356823,Fail
S1334,13,85.0,97,7.562751516503082,4,1.1415561954912696,Fail
S1335,20,91.0,3,5.217713650640006,10,79.52456777307657,Fail
S1336,47,62.0,18,9.377004780168622,1,30.949715093040528,Fail
S1337,19,60.0,69,5.16132930792064,7,4.066058303932442,Fail
S1338,7,48.0,97,5.198867561097786,10,59.42357431929849,Fail
S1339,6,70.0,81,11.404704782242447,1,40.16612585773852,Fail
S1340,66,0.0,12,1.6739997036969483,2,98.3538417490721,Fail
S1341,16,95.0,22,13.640529932687821,9,54.96406491287392,Fail
S1342,32,12.0,82,12.93169424147654,0,27.799157284737838,Fail
S1343,47,93.0,74,10.349265565169691,10,71.65332532803146,Pass
S1344,75,86.0,0,9.30510198150338,1,27.420692256813844,Fail
S1345,58,50.0,87,13.492234973955131,6,91.32857243216408,Pass
S1346,85,55.0,53,3.594622513402002,9,37.84691902124502,Fail
S1347,21,82.0,70,2.1055682706716006,1,,Fail
S1348,29,61.0,88,4.3531423787335335,5,5.107883486247115,Fail
S1349,37,31.0,84,12.124095901802663,2,43.03824503317531,Fail
S1350,50,29.0,14,1.4853837341707665,3,84.06871750576049,Fail
S1351,53,28.0,64,9.159295691168854,10,81.37052934169753,Fail
S1352,7,48.0,75,14.936125226678339,7,22.65617444420615,Fail
S1353,26,44.0,70,12.979745313725552,2,22.83398617206683,Fail
S1354,26,92.0,14,8.300239646610253,9,82.54783653353691,Fail
S1355,97,29.0,20,1.8909727300129928,5,93.97024043710188,Fail
S1356,20,15.0,18,12.639229201399937,0,9.63145304857336,Fail
S1357,29,39.0,59,9.385699114480948,6,45.45592258204875,Pass
S1358,96,18.0,92,2.6090619588339354,7,34.08288217538713,Fail
S1359,27,17.0,88,2.3140019875269866,10,87.93953400120137,Pass
S1360,63,0.0,32,13.734775472112293,7,8.436016382681895,Fail
S1361,96,77.0,48,10.368803681133098,2,21.323720198361777,Fail
S1362,68,46.0,95,12.610015190434577,9,75.99930209623592,Pass
S1363,60,65.0,34,13.305704603951742,0,5.180678747102774,Fail
S1364,47,91.0,43,9.004812928676511,8,49.746073452143214,Fail
S1365,18,93.0,89,8.244248924570577,5,44.65281050265172,Fail
S1366,3,37.0,10,7.025983744493862,10,33.774519077863616,Pass
S1367,34,50.0,98,5.4372522290756695,8,39.8518038472113,Fail
S1368,63,62.0,71,7.084343452021965,6,53.52399927995353,Fail
S1369,48,3.0,77,11.83431518022219,0,16.298103197226695,Fail
S1370,16,0.0,73,9.426928034211842,0,57.77158370664287,Fail
S1371,43,7.0,65,13.495326059367844,5,81.34866525929861,Fail
S1372,91,28.0,45,7.207320201308628,4,76.77625390880607,Pass
S1373,29,54.0,8,9.499254102062556,8,15.543890374071141,Fail
S1374,92,2.0,2,9.838305743287842,1,15.074196443888864,Fail
S1375,45,31.0,84,9.283760272288557,7,27.085611142236246,Fail
S1376,5,9.0,25,,10,36.46854736044476,Fail
S1377,98,73.0,71,4.324068557247288,4,41.254013722256744,Fail
S1378,36,82.0,47,8.173092885641069,1,68.64941890016787,Pass
S1379,23,33.0,65,2.4591472393168674,9,5.724723648749376,Fail
S1380,92,96.0,69,6.383158587027376,10,3.501943126832705,Fail
S1381,45,86.0,27,7.827338960697702,10,39.58296685733481,Fail
S1382,52,54.0,92,10.131139633636614,5,70.41353290593602,Pass
S1383,94,91.0,25,14.307434736206849,9,19.536969638604738,Fail
S1384,98,31.0,24,9.409114931676982,7,64.79195260688142,Pass
S1385,59,49.0,11,11.410314826471836,3,26.242641931970248,Fail
S1386,96,6.0,4,8.087724832932839,1,89.49469699016515,Fail
S1387,62,92.0,97,9.877456439268638,10,,Pass
S1388,84,7.0,47,1.993051025872828,4,30.026007632413975,Fail
S1389,31,64.0,36,,1,23.22936915028729,Fail
S1390,86,56.0,78,6.065943304871942,1,41.54170117868936,Fail
S1391,32,66.0,43,7.61490697009119,5,24.293690103195022,Fail
S1392,66,87.0,99,1.6390824370333723,10,67.91076817246207,Pass
S1393,17,86.0,14,2.9603373657464473,9,83.43253313937684,Fail
S1394,24,58.0,42,4.875400309078281,8,67.98230522203292,Fail
S1395,94,71.0,47,14.601457672614709,3,83.2593951721843,Pass
S1396,53,53.0,86,,5,40.096208382954885,Fail
S1397,57,100.0,69,7.748574813569156,6,15.788014041594947,Fail
S1398,66,66.0,45,3.745367978337501,10,74.5330456871568,Pass
S1399,45,50.0,42,9.550920995060755,5,36.40792501929694,Fail
S1400,23,96.0,20,4.9295650172236405,7,67.79835334814238,Fail
S1401,31,91.0,22,3.897896098137975,3,27.335038140158332,Fail
S1402,46,,79,8.232016798243707,0,8.20419311547394,Fail
S1403,85,33.0,46,1.0770811882458915,6,,Pass
S1404,22,34.0,14,1.1072964570891546,2,15.776352300990528,Fail
S1405,65,95.0,24,4.066963327426009,5,99.83052039031159,Pass
S1406,26,87.0,35,1.514099075011496,1,98.70527318921118,Fail
S1407,1,77.0,74,2.5123605578296795,8,80.175628494712,Pass
S1408,89,31.0,50,5.744049090742522,0,66.60171917028175,Pass
S1409,16,45.0,14,12.23619951411738,5,58.358512075359556,Fail
S1410,32,15.0,67,9.008681007170212,5,87.4762560831613,Fail
S1411,8,67.0,20,8.17734816338983,4,29.233391683568282,Fail
S1412,42,,12,5.108843524913703,4,,Fail
S1413,47,53.0,85,14.04455207205943,0,62.55838690601669,Fail
S1414,38,84.0,18,6.558210577320684,9,41.5302380628186,Fail
S1415,92,13.0,33,2.219298735140801,4,43.176131863117064,Fail
S1416,41,94.0,77,9.638931225649218,1,33.35875141771052,Fail
S1417,25,54.0,67,2.5937375086724197,6,56.98741348513814,Fail
S1418,98,47.0,51,5.833123999223689,2,85.90802732952672,Pass
S1419,49,81.0,26,8.103767142049325,3,20.354366178637598,Fail
S1420,24,6.0,28,13.239115345592461,2,94.37773691409758,Fail
S1421,23,73.0,27,7.909652124761662,2,69.5978530285712,Fail
S1422,12,6.0,34,10.8316227244433,3,83.15059448068305,Fail
S1423,59,32.0,7,14.899435745986985,4,56.17525995563118,Fail
S1424,6,22.0,15,2.840847678571743,0,,Fail
S1425,56,84.0,35,4.846241357273273,3,1.636240131286188,Fail
S1426,35,18.0,29,6.52406505836705,10,82.65642290273306,Fail
S1427,44,18.0,17,6.905594499543639,7,4.0540247676220185,Fail
S1428,19,35.0,1,6.754295053717641,9,89.88125101264912,Fail
S1429,64,28.0,48,13.706554035791768,6,100.18823747110298,Fail
S1430,7,,76,10.99645702253599,8,29.70081367985456,Fail
S1431,15,81.0,3,9.510672997269852,4,21.24217418486516,Fail
S1432,13,1.0,89,5.331218050078949,9,,Fail
S1433,75,0.0,88,12.533065379098126,3,25.555660432945576,Fail
S1434,86,46.0,93,,7,87.42180070039255,Pass
S1435,14,68.0,74,12.496775955703171,8,10.387101807905147,Fail
S1436,91,19.0,6,1.0219114726806207,6,12.721474834315185,Fail
S1437,97,10.0,94,9.909619182567699,6,98.89430706516217,Pass
S1438,65,1.0,73,1.7158953401894101,4,68.05772872527047,Fail
S1439,31,66.0,38,4.6065010846721055,3,85.53560966732424,Fail
S1440,86,86.0,12,1.8333458048688036,9,32.75726711250332,Fail
S1441,62,11.0,30,9.453136341291428,0,68.32485870158105,Fail
S1442,85,19.0,70,10.612258788896495,9,60.01842455816832,Pass
S1443,50,4.0,62,2.602826932922672,9,60.91816213241765,Fail
S1444,24,36.0,55,6.373744362629713,6,68.93577841330988,Fail
S1445,57,37.0,41,7.387311125377588,0,58.11127648603895,Fail
S1446,62,93.0,60,6.166742304652832,0,43.33529929956926,Fail
S1447,61,8.0,41,2.6943500067927024,4,27.86819213243523,Fail
S1448,21,97.0,55,6.865269062624655,8,77.6267144222334,Pass
S1449,57,52.0,35,11.516492669317854,5,22.853515430321806,Fail
S1450,57,43.0,83,1.9941073034655765,2,69.92778492159583,Pass
S1451,85,98.0,67,2.122520197146648,2,23.56661508758199,Fail
S1452,48,85.0,6,5.966798085703779,6,63.158347165399846,Fail
S1453,51,23.0,53,14.18415996266495,5,75.45490498003193,Fail
S1454,41,80.0,0,10.360017054120796,8,22.09010277956046,Fail
S1455,69,73.0,43,10.501379393415908,5,6.054273386992136,Fail
S1456,14,29.0,44,6.06687987173011,4,13.228348042411582,Fail
S1457,53,58.0,46,9.311251076919538,9,61.20569369437357,Pass
S1458,59,86.0,12,1.1418365763884073,6,85.79408702879928,Pass
S1459,100,95.0,21,9.90534464973359,0,4.544678944777861,Fail
S1460,96,80.0,20,13.786017266067315,6,74.14927716320626,Pass
S1461,7,80.0,85,9.576028556827469,2,34.473183240955265,Fail
S1462,52,13.0,91,13.23178030852883,8,48.331365361871775,Fail
S1463,59,8.0,8,11.135622776525313,5,93.81481453440213,Fail
S1464,4,39.0,25,2.6878178296516637,8,33.52912197832039,Fail
S1465,67,65.0,8,13.634346302001784,4,46.99903032788809,Fail
S1466,5,24.0,14,1.9302138209808484,6,1.3819238908287916,Fail
S1467,95,72.0,9,8.475544615668692,3,8.241470720488675,Fail
S1468,93,21.0,87,,6,26.117750704613186,Fail
S1469,46,3.0,41,1.163892550232657,0,2.8130763229285147,Fail
S1470,98,25.0,71,6.908479641786946,6,63.76890793087335,Pass
S1471,54,57.0,23,5.130569907158187,7,43.06623403696388,Fail
S1472,39,28.0,79,7.804006913166442,4,55.36266547553023,Fail
S1473,51,97.0,48,9.080798414283711,1,17.639365775529285,Fail
S1474,15,86.0,25,1.612347012325263,4,,Pass
S1475,12,36.0,90,2.722046131732439,5,67.04627196012524,Pass
S1476,29,74.0,36,8.820993550305955,1,97.49557508667039,Fail
S1477,18,69.0,67,5.804342944417215,5,5.092094133823129,Fail
S1478,16,17.0,49,11.208428825692272,5,89.92881640638187,Fail
S1479,62,84.0,23,10.132083080287156,0,58.26500133243206,Fail
S1480,18,41.0,18,12.838461081858696,0,56.955876242318,Fail
S1481,91,99.0,99,10.694899573369154,10,50.5281320559838,Fail
S1482,57,40.0,59,7.019035083462073,9,7.008802676322523,Fail
S1483,54,37.0,38,10.421532713522053,2,9.077562025352227,Fail
S1484,89,33.0,73,4.85533643957586,9,60.6921125715677,Pass
S1485,100,16.0,88,5.288388982894977,9,34.43681571499139,Fail
S1486,89,36.0,17,12.045792238891107,2,92.64407472434574,Fail
S1487,61,24.0,18,7.249873229622151,3,41.065644273306695,Fail
S1488,22,75.0,35,12.177324767256934,1,14.47142732896675,Fail
S1489,8,86.0,73,12.513913231355899,8,72.18660218370565,Pass
S1490,11,85.0,96,13.005872727257973,9,,Pass
S1491,0,84.0,54,13.832893301776902,10,53.07250104294521,Fail
S1492,57,26.0,68,7.033793087186147,6,70.48111133602217,Pass
S1493,0,56.0,46,5.464135456495944,6,90.9266752314091,Fail
S1494,33,30.0,48,9.150782452317594,5,80.01131067496928,Fail
S1495,95,5.0,98,6.196413928126786,2,68.31246785514513,Pass
S1496,47,90.0,97,9.415038335203262,5,68.6429514219095,Pass
S1497,88,39.0,32,10.878202077013544,7,95.53838904724074,Pass
S1498,0,97.0,20,10.637670258889916,7,29.878233847150142,Fail
S1499,15,11.0,80,6.243740418281699,10,0.11232151381492816,Fail
S1500,60,52.0,21,3.3360428237825395,8,27.467410499218065,Fail
S1501,63,70.0,47,7.0274107384709055,0,22.00702934230114,Fail
S1502,62,9.0,36,2.9963180171467223,0,66.84529309651381,Fail
S1503,68,44.0,14,13.461358492573316,2,64.00487157631844,Fail
S1504,21,16.0,34,5.842284450330004,2,59.939599653177105,Fail
S1505,92,25.0,91,3.162436461126533,9,1.6405877641548239,Fail
S1506,66,84.0,70,1.3562686386805123,7,73.6065834995154,Pass
S1507,75,91.0,31,10.041513408010779,9,32.67657166103464,Fail
S1508,25,61.0,10,9.916632444366405,0,67.17065488966973,Fail
S1509,15,45.0,9,5.768458332138083,1,56.21442127871749,Fail
S1510,50,63.0,72,2.003966443867114,1,34.61582346821862,Fail
S1511,100,1.0,77,6.734804528533248,2,13.592202977514884,Fail
S1512,85,53.0,76,5.35704493088751,5,9.536308663708576,Fail
S1513,56,64.0,56,10.479688956290131,0,83.98335164433458,Pass
S1514,28,50.0,24,9.480909492337664,1,,Fail
S1515,77,52.0,1,6.10431219476556,0,65.62859272319426,Fail
S1516,91,35.0,63,4.050495759569861,4,10.446845600908821,Fail
S1517,68,25.0,34,14.832503526178286,6,40.60474890571231,Fail
S1518,46,28.0,6,7.356022696745608,7,73.62285921062087,Fail
S1519,93,20.0,84,10.635839300923319,9,78.76190928501688,Pass
S1520,61,10.0,17,2.967741546097051,0,11.940080851399948,Fail
S1521,68,39.0,66,7.798255795231569,6,0.003102603383624003,Fail
S1522,75,10.0,41,1.3855140781725168,4,71.9258416339411,Fail
S1523,15,35.0,38,8.0763716507463,9,36.01621377460677,Fail
S1524,89,58.0,40,14.496243699647833,0,25.702614493444287,Fail
S1525,89,38.0,74,6.378893981801204,2,1.3026444487420694,Fail
S1526,47,98.0,23,1.5459441760487622,6,54.57024008291147,Fail
S1527,84,53.0,59,1.4333810728708094,9,85.96622427802416,Pass
S1528,38,97.0,45,6.431814639256173,0,96.72079627353138,Pass
S1529,99,54.0,18,3.2403491104847166,6,57.14024001194221,Fail
S1530,32,23.0,67,1.3269293485946028,4,51.96059410172931,Fail
S1531,93,21.0,89,11.586990595302476,0,8.590694934413351,Fail
S1532,100,68.0,41,7.419322124346469,0,55.43615295580258,Pass
S1533,22,55.0,31,5.049426807617163,0,38.37788697550486,Fail
S1534,9,32.0,38,13.60116456223073,10,61.320663369241274,Fail
S1535,68,35.0,35,2.6259454428073585,8,39.26136113553122,Fail
S1536,99,19.0,100,14.38286360537447,10,24.27021146848704,Fail
S1537,33,82.0,96,5.3955340432829395,2,9.591492798066026,Fail
S1538,51,98.0,35,13.437651412321538,4,31.806762903478468,Fail
S1539,94,80.0,2,9.44120027071246,10,9.76112826306298,Fail
S1540,9,,72,12.573903036380825,9,17.86659203322238,Fail
S1541,18,97.0,7,14.776184284946499,8,99.72095201653414,Fail
S1542,57,72.0,96,5.03767612946244,5,44.85445924756848,Fail
S1543,95,25.0,69,14.455896795706302,8,53.719048417006675,Fail
S1544,0,65.0,40,,7,88.23547140245876,Fail
S1545,68,72.0,67,6.397166666316912,7,100.55245894955947,Pass
S1546,3,72.0,12,5.76541945956308,0,58.854159383812835,Fail
S1547,15,39.0,48,8.579706502866193,8,82.05985592546133,Fail
S1548,23,16.0,59,3.158030604498819,5,33.0210434580042,Fail
S1549,79,0.0,1,8.751960795012156,8,30.8801397021764,Fail
S1550,1,88.0,59,8.583867373740055,2,40.67307582045058,Fail
S1551,91,60.0,4,11.666625376468179,2,67.92323353003856,Pass
S1552,31,42.0,43,12.671099467126197,5,68.90136061476497,Fail
S1553,90,41.0,26,7.166178904373936,8,31.839182899594533,Fail
S1554,83,24.0,31,5.232665490920913,6,13.454202337799497,Fail
S1555,23,38.0,20,4.630688562439323,2,63.87202190301637,Fail
S1556,11,34.0,7,3.724733713868207,2,12.960912081065215,Fail
S1557,49,2.0,71,1.8070661507863484,1,58.42774333116234,Fail
S1558,34,100.0,49,5.794271703685987,8,70.0356349336872,Pass
S1559,32,43.0,66,4.783467689830966,2,70.76176113583962,Fail
S1560,32,50.0,43,14.529843402129703,10,76.10068317661927,Fail
S1561,60,93.0,57,8.807923567500616,4,88.15880157813211,Pass
S1562,50,97.0,2,,8,50.495858188443634,Fail
S1563,42,11.0,85,9.126546413911743,7,73.7551681424867,Fail
S1564,100,18.0,69,2.9487538188397373,1,62.53644627194951,Pass
S1565,11,100.0,1,7.21661248883084,2,18.85063391956594,Fail
S1566,66,43.0,86,9.767280499894893,1,2.594654131810225,Fail
S1567,64,58.0,43,7.844569645094319,7,28.738679953370312,Fail
S1568,32,48.0,1,6.624903209160539,5,,Fail
S1569,39,60.0,80,14.913877444595775,5,62.327700387294286,Pass
S1570,73,16.0,34,13.324406670084977,8,85.84589238082374,Fail
S1571,42,73.0,97,9.727683414232162,7,19.82081738732273,Fail
S1572,43,56.0,86,8.97128305655196,3,12.680528779746187,Fail
S1573,28,54.0,29,9.689246717544176,3,97.31147469490708,Fail
S1574,12,46.0,7,3.8183695095140653,8,,Fail
S1575,11,11.0,21,,0,48.32759808082611,Pass
S1576,94,,43,1.5524334604725905,1,59.14193660812349,Fail
S1577,45,79.0,57,7.657644524815574,1,54.67881651165126,Fail
S1578,1,87.0,35,8.602344175407286,5,8.689247860327264,Fail
S1579,34,82.0,68,,3,5.759718314365556,Pass
S1580,86,7.0,76,14.496403860317193,10,10.653826173564603,Fail
S1581,80,94.0,92,99.0,9,59.14435607113386,Fail
S1582,89,20.0,30,11.110005296382681,2,54.97883365106643,Fail
S1583,7,80.0,46,8.467412802715076,2,23.607819995711168,Fail
S1584,92,86.0,54,13.17956823506759,2,64.41518832640475,Pass
S1585,25,100.0,79,2.8291328135284806,5,82.82681770762059,Pass
S1586,73,79.0,61,12.06713711984839,7,4.199474944505971,Fail
S1587,89,69.0,29,2.747491395535876,10,50.31112429835228,Pass
S1588,33,71.0,54,12.118949275691676,6,69.62035162237171,Pass
S1589,6,24.0,15,4.860745955518997,3,25.483504634038397,Fail
S1590,67,81.0,11,13.279268134254645,10,31.084861434608058,Fail
S1591,57,88.0,16,14.21658931355557,3,61.977428201927765,Pass
S1592,74,11.0,15,3.083143571671619,10,90.69146463781743,Fail
S1593,28,14.0,11,7.47745847091551,9,81.80236645059283,Fail
S1594,35,58.0,7,14.733823294277592,10,58.89615212905794,Fail
S1595,88,25.0,83,7.767704103624053,10,73.75239349348217,Pass
S1596,20,25.0,2,99.0,10,36.847069490987664,Fail
S1597,35,46.0,15,9.242241309838478,1,64.73751833797454,Fail
S1598,9,31.0,29,6.254618710874426,0,47.08434070388326,Fail
S1599,100,9.0,22,5.000969777362183,8,19.183549782213653,Fail
S1600,72,15.0,91,3.845123275205222,1,70.87556566160298,Pass
S1601,23,70.0,4,11.66517467928776,7,56.20292837223102,Fail
S1602,63,16.0,83,6.41156709552239,8,36.22077977731273,Fail
S1603,98,22.0,64,8.157856470810517,3,92.0452581979417,Pass
S1604,48,25.0,29,7.892556720016547,7,2.11434590050006,Fail
S1605,98,84.0,20,9.081906409263837,8,31.893088276199098,Fail
S1606,35,85.0,83,13.11808003874373,9,5.745021175542302,Fail
S1607,81,,69,14.730350810168012,9,77.41925893838435,Pass
S1608,95,13.0,21,6.706178920033437,4,,Fail
S1609,23,78.0,81,12.585264909488243,6,33.46657409236802,Fail
S1610,22,6.0,71,11.703389125166048,9,68.24195312291438,Fail
S1611,61,8.0,31,9.029405320378025,3,39.98965984579093,Fail
S1612,95,47.0,32,14.384660010567064,0,76.38163293366587,Pass
S1613,36,71.0,15,3.806643217397639,2,45.87254993640731,Fail
S1614,11,58.0,75,2.5296989443347,4,41.640252510998224,Fail
S1615,54,86.0,37,12.95546753737591,2,94.4077214643184,Pass
S1616,12,92.0,97,7.1480974328724765,10,25.338789088960723,Fail
S1617,22,81.0,13,12.857563958898847,6,12.165181339653108,Fail
S1618,88,94.0,35,13.503262872735808,8,59.038854439205274,Fail
S1619,98,93.0,96,1.8744063106670001,5,97.90150304070207,Fail
S1620,29,38.0,22,13.368506681804849,9,38.16176058644585,Fail
S1621,16,98.0,65,7.276466775171911,0,6.265713126506934,Fail
S1622,61,17.0,84,8.14605484605925,6,34.26983199826631,Fail
S1623,83,58.0,1,9.772295155304944,2,51.0990970862754,Fail
S1624,88,16.0,90,13.969356494221215,4,16.354223669853585,Fail
S1625,85,13.0,72,1.2676253220166964,9,66.46832402370569,Pass
S1626,12,30.0,64,7.675808556449439,3,100.77268829003026,Fail
S1627,58,23.0,74,10.62810859402785,9,45.62568707412583,Fail
S1628,18,98.0,66,99.0,4,35.82758422975148,Fail
S1629,48,59.0,51,10.695454041519511,4,40.47112085028113,Fail
S1630,99,,61,2.882091811713706,5,11.629764017915315,Fail
S1631,11,97.0,22,5.191538237203537,9,89.21063374404861,Fail
S1632,60,2.0,25,6.022017355838188,9,41.89739120765655,Fail
S1633,18,36.0,67,12.26212090751307,10,39.11471555390897,Fail
S1634,75,42.0,81,4.902638213803742,5,66.62871756597791,Pass
S1635,8,39.0,54,3.9498694941408443,7,44.64537551404347,Fail
S1636,70,89.0,5,14.404272266533347,7,65.47158034959246,Pass
S1637,27,54.0,34,,10,6.206075303209538,Fail
S1638,77,86.0,21,14.969491979547694,8,82.18605771594497,Pass
S1639,94,38.0,42,10.475498184003538,7,94.99089924081966,Pass
S1640,51,14.0,14,12.598570192287639,10,65.52530400209798,Fail
S1641,82,3.0,85,5.124671548846704,1,96.41115881473989,Pass
S1642,15,92.0,59,1.2004138873388397,9,15.294663751366294,Fail
S1643,68,85.0,100,11.330173259861422,10,48.219035137515725,Fail
S1644,98,24.0,11,12.678024358009461,0,60.78248012849017,Fail
S1645,11,12.0,48,11.366665847349267,9,58.755401389539855,Fail
S1646,24,81.0,41,2.9999040222117404,1,40.54763968799337,Fail
S1647,51,32.0,37,11.547990911597568,1,34.1465253459924,Fail
S1648,84,15.0,81,11.764918949506974,2,,Pass
S1649,99,41.0,44,10.21956721938077,9,39.565987506790094,Fail
S1650,52,65.0,34,,6,16.428742325654,Fail
S1651,22,54.0,29,12.84290015548825,1,74.17093332571406,Fail
S1652,15,98.0,87,9.590457599324418,0,21.091924484953587,Fail
S1653,56,,29,2.240465995575507,5,5.915095833737919,Fail
S1654,38,33.0,77,7.826789335340952,8,55.788979919540665,Fail
S1655,52,29.0,5,2.0870906854024707,2,60.11820300465956,Fail
S1656,41,12.0,66,6.705602434454032,5,88.06321918933105,Fail
S1657,57,12.0,79,6.699490847758787,2,58.275142854185866,Fail
S1658,38,17.0,6,1.9241378179633821,0,34.89356622606802,Fail
S1659,13,31.0,51,5.883487475572711,4,81.10420003415837,Fail
S1660,94,95.0,13,2.5539733830784077,9,54.568168211929525,Fail
S1661,4,98.0,72,12.31529294012911,10,8.007308747750367,Fail
S1662,34,38.0,14,14.26763236350259,3,57.15090659163791,Fail
S1663,86,45.0,20,2.0124306536111405,6,91.7098730875879,Pass
S1664,92,28.0,34,14.37161290208382,5,40.02757517532027,Fail
S1665,74,,65,,9,29.928905991879805,Fail
S1666,17,92.0,90,5.193919491354235,6,14.490415158820026,Fail
S1667,75,61.0,1,2.076069053866289,4,15.295997715471088,Fail
S1668,8,56.0,34,8.00873975298585,3,43.70991991852371,Fail
S1669,73,15.0,81,12.12321762287048,6,60.16366224031448,Pass
S1670,57,55.0,77,10.899210681733773,6,8.142155922129778,Fail
S1671,16,9.0,19,1.7031641604956327,5,94.89642749154174,Fail
S1672,6,29.0,81,2.020625695150649,7,76.26849536196478,Fail
S1673,45,24.0,9,6.64022595685692,3,59.24901574664993,Fail
S1674,12,83.0,24,5.134066916671205,9,83.67230576483807,Pass
S1675,39,4.0,65,4.25338052278467,4,8.098862438023442,Pass
S1676,41,64.0,24,4.93406298472199,3,48.160726651045564,Fail
S1677,8,93.0,53,12.248758406156385,0,63.639405813028006,Pass
S1678,49,48.0,32,14.009192750845955,7,83.69394351794722,Fail
S1679,26,2.0,35,6.67143772338593,0,79.13042556497604,Fail
S1680,65,44.0,94,13.68555402985496,4,27.98399422105336,Fail
S1681,4,13.0,13,5.500939817470347,5,95.02889712547963,Fail
S1682,28,29.0,64,7.670117808813083,5,12.558929984517906,Fail
S1683,36,67.0,79,4.164405969423996,4,88.38849548073637,Pass
S1684,37,17.0,53,9.966664590461816,2,98.06496521006648,Fail
S1685,82,61.0,51,14.705735612447324,4,17.892505845485182,Fail
S1686,7,36.0,2,9.4489033446073,7,72.92867248458231,Fail
S1687,64,24.0,98,6.009397177589684,1,4.068837396577845,Fail
S1688,85,,40,10.069444243867398,5,40.94770533905465,Fail
S1689,16,64.0,5,2.720889498515426,8,52.14461321896508,Fail
S1690,70,52.0,24,13.441227123715581,7,,Fail
S1691,88,78.0,12,8.043175310917709,10,94.5296620731045,Pass
S1692,44,72.0,97,7.290896388554989,7,67.89731941671366,Pass
S1693,3,14.0,7,,7,48.60907307314294,Fail
S1694,35,48.0,20,9.746974079051634,6,81.77717866285482,Fail
S1695,69,87.0,97,2.0048612871711824,7,96.0038149163953,Pass
S1696,30,67.0,67,10.556641097127633,5,2.2286810169113753,Fail
S1697,18,11.0,24,4.387043524417415,1,99.23464849785991,Pass
S1698,60,58.0,78,10.995336855092257,1,8.699346045431714,Fail
S1699,53,36.0,67,12.515487121378754,7,82.2530647061449,Pass
S1700,38,60.0,44,12.255419105735283,10,28.313810007692663,Fail
S1701,90,100.0,59,8.735013543710448,0,13.350145433141046,Fail
S1702,73,42.0,11,8.282378492350517,5,44.425419611097325,Fail
S1703,89,69.0,31,3.000263458751764,5,65.03961452420897,Pass
S1704,18,38.0,95,11.854846105643897,10,38.476136347370975,Fail
S1705,38,55.0,91,4.799731326254001,3,5.511106236552594,Fail
S1706,66,,12,7.953735919451251,10,,Pass
S1707,44,45.0,30,4.979837300985234,10,91.14273088717815,Fail
S1708,12,87.0,77,2.8735970819957037,9,38.70475196067242,Fail
S1709,91,10.0,19,9.813807756484312,2,21.84961054071353,Fail
S1710,57,61.0,17,1.7606484875206536,10,44.70031193921435,Fail
S1711,19,76.0,92,11.4810332777668,2,4.884633815926868,Fail
S1712,91,97.0,59,5.446215133655633,0,82.86924603250776,Pass
S1713,71,24.0,62,1.0018857020627945,2,83.46042190596886,Pass
S1714,60,70.0,5,8.155807949321218,3,59.38804680639247,Fail
S1715,38,51.0,31,1.6559267193864438,10,35.66339178277734,Fail
S1716,0,3.0,92,4.866373809492592,10,80.77811980902412,Fail
S1717,2,58.0,42,10.897670824380027,4,56.02338950362508,Fail
S1718,76,71.0,1,1.8776547027061221,2,83.41916316355163,Fail
S1719,91,19.0,59,12.750738892984032,5,,Fail
S1720,61,92.0,22,1.0534789172201635,10,79.22495279449252,Pass
S1721,62,62.0,82,4.455534168826631,4,60.454862314993754,Pass
S1722,24,53.0,30,11.372656786129,2,41.82824788978229,Fail
S1723,55,73.0,4,5.427782096210295,5,96.75253185253989,Fail
S1724,32,97.0,82,2.4264934329241896,5,54.65249631276332,Fail
S1725,37,56.0,33,99.0,7,61.11404137259438,Fail
S1726,5,89.0,9,,1,22.269251580889673,Fail
S1727,57,40.0,88,12.79796663024777,0,63.19072973215492,Fail
S1728,43,2.0,1,,3,57.73237259777733,Fail
S1729,44,5.0,10,12.0450546048641,6,18.66867819264952,Fail
S1730,31,4.0,49,13.486210027350285,10,6.018296832667515,Fail
S1731,44,4.0,30,7.073443874071414,9,61.04029129119188,Fail
S1732,60,53.0,55,13.739204013961489,2,77.13291920438238,Pass
S1733,46,46.0,78,6.2824527554847,2,52.86353846312283,Fail
S1734,20,86.0,72,14.497097830861515,4,22.904035157284216,Fail
S1735,79,48.0,86,2.250053343358021,4,67.31871964599652,Pass
S1736,84,8.0,82,10.618269731045398,9,8.090678387569827,Fail
S1737,74,98.0,8,7.913396566397001,2,44.625204184997415,Fail
S1738,100,19.0,98,6.427083276379059,8,16.500042598240437,Fail
S1739,35,60.0,20,9.857966302480413,3,18.63036415704822,Fail
S1740,98,34.0,72,10.853999282880636,2,20.431688864978568,Pass
S1741,18,49.0,27,1.0610857751043272,10,39.05741276144177,Fail
S1742,19,81.0,61,3.337343242460782,1,5.1661707676601605,Fail
S1743,56,,6,10.982644708880462,9,40.177137533838916,Fail
S1744,17,16.0,79,10.32939579009489,10,51.68245215858479,Fail
S1745,46,87.0,15,14.524665071801481,8,48.81272278159884,Fail
S1746,48,2.0,96,11.654529063510962,3,38.661194140707096,Fail
S1747,13,31.0,3,14.310817908238732,2,84.753807415146,Fail
S1748,14,98.0,3,10.835567021487297,6,14.677995934470916,Fail
S1749,30,12.0,39,5.172730920952204,7,51.07537112191877,Fail
S1750,0,88.0,16,2.475108911511991,10,6.266183112611984,Fail
S1751,53,72.0,100,11.945534086829099,1,7.186723566668884,Fail
S1752,2,67.0,51,10.018089100662824,6,57.96045081738673,Fail
S1753,15,13.0,92,1.6746041735061472,4,57.16786091366991,Fail
S1754,86,100.0,51,6.0407065226136964,10,88.68138479729015,Pass
S1755,56,97.0,35,14.395197416780006,4,56.34524124166739,Fail
S1756,74,10.0,37,8.005616039942817,2,96.93889306088987,Fail
S1757,11,55.0,49,7.058207904275865,4,4.9181796883929065,Fail
S1758,73,66.0,62,7.4077944722301154,1,9.898776162854848,Fail
S1759,95,91.0,100,3.924358136072292,3,4.450652018608521,Fail
S1760,15,28.0,62,,5,,Fail
S1761,71,8.0,61,,0,54.66828120510949,Fail
S1762,75,66.0,98,1.7329702826246136,9,65.20279032417022,Pass
S1763,23,,6,11.745946799250856,3,4.604100952815548,Fail
S1764,27,97.0,26,6.8310620466543055,5,95.54305987440553,Pass
S1765,7,75.0,91,12.510518415429926,8,85.05870304168849,Pass
S1766,91,41.0,85,12.904872015678535,10,29.957860697866405,Fail
S1767,35,8.0,13,3.967916765781213,10,7.7959405528732635,Fail
S1768,89,78.0,70,10.2029487503818,1,17.158594395124783,Fail
S1769,7,39.0,100,7.611945258281744,10,12.82138578925224,Fail
S1770,57,24.0,85,13.32219433090079,6,12.451661709193631,Fail
S1771,59,4.0,4,4.020369508470358,5,52.374730555239125,Fail
S1772,49,10.0,54,10.489384804340618,1,24.83059169183343,Fail
S1773,27,58.0,1,9.508529711538117,7,36.17211136944359,Fail
S1774,91,97.0,61,5.1342206860056585,6,99.94003867181657,Pass
S1775,100,87.0,90,2.9124126511164166,10,69.11573914145983,Pass
S1776,40,78.0,20,10.122956646681871,4,95.84704737174714,Fail
S1777,99,37.0,78,11.34036441385263,4,,Fail
S1778,63,71.0,20,5.4187828126869,6,38.596086958089494,Fail
S1779,26,4.0,9,10.027656456312393,8,56.02791213151778,Fail
S1780,62,47.0,86,6.531832706561046,10,7.752564250762539,Fail
S1781,16,89.0,57,10.984896365956647,8,0.4229318064237444,Fail
S1782,72,17.0,38,3.7890138485167437,8,67.71386771348867,Fail
S1783,32,69.0,4,13.463010036906441,5,64.82377119694497,Fail
S1784,83,36.0,64,5.023734350518116,9,41.48966980996079,Fail
S1785,76,59.0,12,6.149003828586141,5,49.4540516792353,Fail
S1786,91,47.0,84,1.813287329124897,2,41.95974305980105,Fail
S1787,28,76.0,89,2.5611709724978695,0,2.4245095293337746,Fail
S1788,12,27.0,84,8.222066637972594,6,33.8725322279637,Fail
S1789,45,68.0,52,4.746297474191601,3,17.885307795126273,Fail
S1790,34,76.0,81,,0,9.940843099238243,Fail
S1791,5,80.0,100,1.2057074411693538,7,96.62876382282433,Pass
S1792,81,39.0,44,6.307316681407107,5,60.53533222925873,Pass
S1793,68,44.0,31,5.722837654767297,5,73.59428470789688,Fail
S1794,46,95.0,35,1.2705868328464145,1,31.851738069877868,Fail
S1795,24,61.0,80,2.741157586007143,0,39.707860078895536,Fail
S1796,65,92.0,98,6.790997448860894,1,23.92932338356907,Fail
S1797,9,57.0,59,7.900104182264252,3,9.7935327675079,Fail
S1798,55,66.0,10,,1,18.082195381599963,Fail
S1799,29,55.0,62,8.433127497769313,0,80.54891857494508,Fail
S1800,4,39.0,20,9.33184344867954,6,68.43212632356136,Fail
S1801,32,,51,1.1389334957896988,10,55.239816474533164,Fail
S1802,64,39.0,54,7.497332232349054,10,47.984077159543574,Fail
S1803,17,90.0,25,14.488989372426236,7,93.16586264926858,Fail
S1804,95,76.0,67,8.266451921813683,5,7.346229725645508,Fail
S1805,48,32.0,33,10.485591744425344,3,28.340682137029514,Fail
S1806,10,5.0,51,5.366094010836365,5,35.34372321064212,Fail
S1807,84,87.0,81,11.835879294138675,2,79.02500703349158,Pass
S1808,25,18.0,98,11.820900746265611,7,100.24397663635911,Fail
S1809,62,79.0,92,8.298144667157946,9,24.30772199047246,Fail
S1810,88,39.0,51,14.66419352590899,1,88.30504074784514,Pass
S1811,85,,28,2.757703006677147,4,,Pass
S1812,58,96.0,37,1.237267308454134,0,22.690397161818428,Fail
S1813,26,58.0,41,11.782214964599344,5,40.33259060012148,Pass
S1814,48,58.0,20,99.0,1,41.37695979854443,Fail
S1815,76,47.0,41,2.6829012076880674,3,98.80028752118238,Pass
S1816,32,40.0,12,4.718159661420485,5,18.27008203926873,Fail
S1817,97,12.0,63,1.2457330871328047,9,80.71495508158299,Pass
S1818,98,44.0,16,5.106320550927906,10,33.7534641314841,Fail
S1819,0,88.0,8,11.823986234861401,7,73.8179049233922,Fail
S1820,20,52.0,40,8.251447387976105,7,42.421111433861945,Fail
S1821,54,41.0,0,,10,58.414336074770546,Fail
S1822,5,99.0,1,6.204350128688624,5,84.09378910593924,Fail
S1823,91,62.0,59,1.0189507600165542,3,81.22072206337229,Pass
S1824,80,26.0,47,5.197207385913303,7,87.50874153750972,Pass
S1825,68,37.0,28,10.050422382931027,7,6.021349859810561,Fail
S1826,94,59.0,96,14.638722213429,9,69.89710585701422,Pass
S1827,4,6.0,9,12.858851577774594,0,14.13872504889805,Fail
S1828,2,4.0,57,1.3303295050374078,3,41.99767536985951,Fail
S1829,52,44.0,59,13.57984846544775,3,55.40742992052353,Fail
S1830,22,57.0,20,11.964777786180763,6,40.676687959429906,Fail
S1831,100,30.0,27,11.925265729993725,10,52.48077925610376,Fail
S1832,52,22.0,74,7.411940626050001,6,100.64915718866054,Fail
S1833,36,41.0,33,6.5720741013630395,10,13.656948684998326,Fail
S1834,73,9.0,7,5.240820203664697,7,68.22106057897898,Fail
S1835,73,31.0,58,1.9197280253611209,10,39.99609760494714,Fail
S1836,82,52.0,85,4.195295088911788,4,13.433989689640207,Fail
S1837,16,29.0,71,4.4524508896923445,6,16.03241310080526,Fail
S1838,84,38.0,48,7.777078975942822,7,95.87658373080731,Pass
S1839,77,30.0,78,11.464221692353716,8,88.83975116788797,Pass
S1840,72,81.0,16,7.633337597571252,2,91.6112380019172,Pass
S1841,0,99.0,59,1.8098222922602485,2,100.14481035856603,Pass
S1842,50,1.0,86,,3,21.039854390860313,Fail
S1843,44,77.0,87,14.198140467317572,4,35.899373073770235,Fail
S1844,76,76.0,44,11.992653604077717,9,67.59112202241154,Pass
S1845,3,92.0,82,14.878590621899088,0,48.86405652592537,Fail
S1846,61,11.0,68,8.62275265920368,6,42.257342871211684,Fail
S1847,64,38.0,31,14.478756903544884,8,36.138936182894895,Fail
S1848,31,65.0,43,2.058470568634511,7,59.971843826288676,Fail
S1849,33,95.0,64,6.119530475659198,4,58.134936292648284,Fail
S1850,91,12.0,86,4.155337752094722,3,16.30724124048825,Fail
S1851,94,45.0,100,3.74166317787978,6,47.64572358936235,Fail
S1852,71,,7,2.971241284497465,4,55.90064939719484,Fail
S1853,38,16.0,76,9.713790981923953,6,57.59898081187044,Fail
S1854,25,94.0,71,11.93850598046227,0,21.220826484147533,Fail
S1855,33,97.0,86,9.096177591885048,0,74.96941061748096,Pass
S1856,53,59.0,42,3.057477934234935,9,2.5451085769280333,Fail
S1857,2,63.0,0,12.355732779068592,2,35.838017409859425,Pass
S1858,49,87.0,50,9.903365900292199,10,78.80147750209899,Pass
S1859,11,34.0,23,6.434319885777938,1,56.953185026595634,Fail
S1860,64,69.0,98,10.437824137504881,1,26.377405683596884,Fail
S1861,53,82.0,23,4.63866970939966,6,70.19026505364782,Pass
S1862,4,29.0,16,5.8326909189189475,9,57.306485359763414,Fail
S1863,93,70.0,4,13.844801803847863,1,80.42060455509511,Pass
S1864,93,73.0,19,5.067063079399885,10,74.23754380517217,Pass
S1865,56,95.0,20,7.579835754211112,3,61.6209001256597,Pass
S1866,16,97.0,57,13.461975923544205,1,49.30594520639222,Fail
S1867,46,62.0,30,10.908098903745385,5,,Fail
S1868,22,27.0,99,1.8708451663058385,7,26.39463480642376,Fail
S1869,78,59.0,10,3.062242619905585,9,42.32904676462561,Fail
S1870,100,78.0,51,1.1097822708068354,3,60.52922798764526,Pass
S1871,84,93.0,14,9.832905063208287,4,51.88449337674579,Fail
S1872,13,36.0,82,7.267427955745856,3,29.106637121912478,Fail
S1873,65,92.0,6,2.8798479126318575,2,0.6529001367607656,Fail
S1874,74,21.0,27,14.411077694794786,4,50.12016141198221,Fail
S1875,50,67.0,50,8.415236135238679,8,28.84822484478655,Fail
S1876,37,19.0,57,4.386506117580448,7,74.19543837176404,Fail
S1877,63,95.0,4,8.008449996165906,7,2.4185727923188325,Fail
S1878,97,99.0,4,,7,59.06760894188488,Pass
S1879,37,67.0,93,2.0673490516299027,7,95.0888979881126,Pass
S1880,49,90.0,95,4.845853410670488,6,17.615335978261452,Fail
S1881,97,63.0,7,12.29751687237591,7,47.63659856581013,Fail
S1882,81,16.0,63,7.435308185637258,10,9.233621173530956,Fail
S1883,29,11.0,9,8.65207998845213,7,63.19387313839661,Fail
S1884,78,21.0,37,7.059424030932569,7,55.60369974021879,Fail
S1885,90,16.0,95,1.6145991970020717,9,41.143917945496064,Fail
S1886,50,9.0,91,3.320496917482183,6,52.65907916884786,Fail
S1887,62,64.0,80,7.237582942386473,0,90.55404050537003,Pass
S1888,97,21.0,94,3.9285965157109892,3,19.82572453341777,Fail
S1889,51,89.0,7,1.6997064012355023,3,2.279015682240071,Pass
S1890,37,81.0,24,12.811095296725533,4,87.0281533546092,Fail
S1891,96,49.0,72,14.73669540829762,9,58.28882532117856,Fail
S1892,87,13.0,65,12.104000235954352,5,89.95650400164608,Pass
S1893,78,63.0,78,12.952988903865338,3,60.29146756473043,Pass
S1894,29,46.0,49,4.387679824438635,1,81.82627008592995,Fail
S1895,50,28.0,66,14.448777657184797,5,43.397009698869944,Fail
S1896,80,,48,3.7569598623479976,7,75.73585306011515,Pass
S1897,4,35.0,35,14.320017345065652,7,92.21718815587546,Fail
S1898,28,98.0,67,14.927470115523315,6,57.784419335942836,Fail
S1899,3,51.0,77,10.964119280444683,5,18.259300206800333,Fail
S1900,9,75.0,40,14.736012245085506,1,27.148559118050017,Fail
S1901,55,6.0,88,8.97355691393945,6,20.063102266637983,Fail
S1902,16,28.0,61,4.633584964465265,10,24.932559787169023,Fail
S1903,73,10.0,9,7.117942399318692,4,30.947960384454674,Fail
S1904,16,32.0,20,9.309853095303003,5,56.068512462072036,Fail
S1905,83,5.0,35,2.02314186837821,9,,Fail
S1906,87,78.0,11,9.712805704641445,7,43.07647447142797,Fail
S1907,68,31.0,90,14.736489714672123,7,62.15749876190438,Pass
S1908,33,50.0,1,3.661507096972187,2,8.239067486747958,Fail
S1909,5,74.0,12,12.096331628037365,6,8.866611942874156,Fail
S1910,52,57.0,52,13.710583112914671,0,17.3547754961235,Fail
S1911,65,86.0,31,14.211822299483092,0,52.32582730207482,Fail
S1912,76,25.0,94,14.44189846167626,6,21.61346254852967,Fail
S1913,42,97.0,15,8.300434942100608,9,28.61172475275031,Fail
S1914,74,45.0,31,14.682310711881051,8,40.4315964534724,Fail
S1915,22,97.0,31,11.602342899882144,6,81.99847852504837,Pass
S1916,54,28.0,97,3.2634001073174668,9,1.400075727198872,Fail
S1917,79,3.0,10,7.67660149055158,4,65.58726084389886,Fail
S1918,94,80.0,9,11.056636455208055,7,67.55652963510921,Fail
S1919,74,98.0,14,4.462764421467167,1,80.66423381602029,Pass
S1920,15,,16,9.968612569684423,8,94.20804684509163,Fail
S1921,7,38.0,39,10.33240670665267,5,2.0339227438782723,Fail
S1922,3,14.0,17,3.2777964133199227,8,15.532154256834835,Fail
S1923,3,28.0,54,8.911194374338589,1,89.5033006996553,Fail
S1924,55,28.0,72,11.802776753700508,2,46.31037478088855,Fail
S1925,24,74.0,24,7.984539303503187,7,57.023654532279814,Fail
S1926,66,31.0,58,1.169443634865504,0,66.96574757603788,Pass
S1927,95,1.0,77,1.1265385671100905,9,68.58572705405938,Pass
S1928,66,46.0,88,5.99841081558017,6,94.10578073496733,Pass
S1929,26,77.0,21,13.966716958044948,6,100.69189115857863,Fail
S1930,92,83.0,29,4.201474914450523,0,72.73590355402496,Pass
S1931,31,21.0,83,9.88109164420362,8,29.00934212972023,Fail
S1932,49,74.0,84,4.1090621897064885,7,88.8549926317287,Pass
S1933,60,26.0,43,5.503379855233681,3,4.971312368616922,Pass
S1934,50,66.0,31,12.872589254420776,9,23.339166140324117,Pass
S1935,18,80.0,50,11.204060191779256,10,90.6359574638352,Fail
S1936,20,55.0,45,2.335589882384949,4,25.87534295837485,Pass
S1937,4,91.0,20,7.001828293810071,1,22.285757021796595,Fail
S1938,81,92.0,98,1.4083766910337026,8,13.95065460716497,Fail
S1939,91,20.0,31,7.732462052442126,5,86.77028752233856,Fail
S1940,41,46.0,93,10.274076163814954,2,50.50588417829976,Fail
S1941,60,79.0,38,2.6590367303741216,6,68.16421350846963,Fail
S1942,21,100.0,11,5.044389144728319,8,24.145704791577998,Fail
S1943,20,58.0,46,6.569712757030197,2,76.56208252213287,Fail
S1944,69,83.0,17,13.873434345184696,1,76.76056004117194,Pass
S1945,0,,20,14.905570215921497,6,,Pass
S1946,4,18.0,12,1.628758185938622,6,41.47894593403857,Fail
S1947,11,56.0,20,,3,21.178718020450287,Fail
S1948,89,68.0,7,6.2041369296328055,10,98.63266335561333,Pass
S1949,45,,45,6.49441460721272,8,65.20586028289958,Fail
S1950,33,0.0,6,11.559709626858318,7,94.38893195226707,Fail
S1951,48,57.0,22,13.857970050035721,0,30.64193990654245,Fail
S1952,77,37.0,95,14.313000323035677,0,78.97098221268587,Pass
S1953,89,14.0,74,9.07971620453649,4,77.35172303235895,Pass
S1954,44,33.0,85,5.999696230207039,5,69.85722083852069,Pass
S1955,26,60.0,21,12.02568720202291,2,97.52953650194684,Fail
S1956,72,34.0,88,4.514019365672204,8,39.74908894673787,Fail
S1957,25,63.0,21,8.897036403669249,9,13.202449682565486,Fail
S1958,46,24.0,91,6.0200984613482245,5,67.84259478365014,Pass
S1959,85,23.0,28,10.192835031910265,3,73.66028984819782,Fail
S1960,55,11.0,12,4.365584780509097,6,58.08111791934028,Fail
S1961,93,17.0,81,3.682301240287561,7,20.888607206473022,Pass
S1962,62,14.0,1,13.855347213456119,8,50.95005010860489,Fail
S1963,47,79.0,28,2.425251561293517,10,31.53116339348207,Fail
S1964,60,26.0,84,8.083410708289044,5,43.174119344835596,Fail
S1965,80,71.0,78,4.091938961482125,5,65.16707616031105,Pass
S1966,25,59.0,51,1.5450194865593443,7,75.26668901177429,Fail
S1967,35,,26,1.5042634560799695,4,23.454693781035655,Fail
S1968,0,88.0,49,3.453104809481583,2,40.93786142534229,Fail
S1969,7,16.0,94,13.134784963084003,2,27.185318670154548,Fail
S1970,98,92.0,78,4.954702415678373,5,20.06179300004878,Fail
S1971,51,52.0,22,14.30642838805414,1,79.12210921957967,Fail
S1972,78,7.0,87,9.14271210184871,5,91.83452213813624,Pass
S1973,46,78.0,43,7.112598656762725,5,37.39345075414225,Fail
S1974,55,26.0,76,9.121243685372365,7,75.87917136175045,Pass
S1975,85,45.0,21,8.233777393167749,6,90.59652422580552,Pass
S1976,13,49.0,42,11.622867552602552,7,85.45854526355339,Fail
S1977,89,70.0,36,4.954944923619932,8,18.464152242461818,Fail
S1978,27,2.0,60,,5,96.58548003284949,Fail
S1979,86,92.0,96,99.0,2,38.04432048337571,Fail
S1980,77,63.0,55,14.250391184105677,9,34.26330677855747,Fail
S1981,87,43.0,2,13.495815184810644,2,6.305564055055814,Fail
S1982,1,52.0,62,6.87227191540239,10,49.103539064593186,Fail
S1983,25,23.0,18,11.925117042096343,0,11.0103751797338,Fail
S1984,13,59.0,22,7.668700266215383,10,25.102521913670024,Fail
S1985,58,2.0,28,7.9655579300454304,4,32.01120479849542,Fail
S1986,55,19.0,29,,3,81.69145867266009,Fail
S1987,6,45.0,38,9.27582424561923,8,88.42435368998555,Fail
S1988,2,14.0,24,3.6059025685468713,8,30.549098063608437,Fail
S1989,22,24.0,100,5.641905786940713,4,86.72851024570197,Fail
S1990,17,93.0,7,12.970422822679092,9,86.5803246743489,Fail
S1991,37,77.0,57,3.899061328951973,3,77.22974598887222,Pass
S1992,98,70.0,15,1.9962159924280594,6,14.816206515533334,Fail
S1993,14,16.0,71,1.9661062965794283,5,69.72260753697363,Fail
S1994,63,83.0,0,14.17098328704351,3,95.44743052263745,Fail
S1995,88,99.0,4,8.096886131465684,9,68.93658835548287,Pass
S1996,100,8.0,2,6.731769005438257,1,33.49330175989123,Fail
S1997,27,37.0,64,12.352300134110859,0,50.55851106051396,Fail
S1998,73,47.0,3,12.701562990747224,3,65.21822937845641,Fail
S1999,38,,98,5.650674463618465,3,51.56761128157886,Pass
